,cancer_metric_num_seed,test_mae,test_rmse
0,COAD_cancer_AUC_7_1,0.069853117605159,0.102705431054443
1,COAD_cancer_AUC_7_2,0.083434982138918,0.120303367422342
2,COAD_cancer_AUC_7_3,0.058210961312608,0.088447440074957
3,COAD_cancer_AUC_7_4,0.060822422746152,0.082151521347413
4,COAD_cancer_AUC_7_5,0.068418289923431,0.10359127123581
5,COAD_cancer_AUC_7_6,0.070928136019767,0.098999538167494
6,COAD_cancer_AUC_15_1,0.071770594234261,0.106825576204688
7,COAD_cancer_AUC_15_2,0.092778851093592,0.159084289207009
8,COAD_cancer_AUC_15_3,0.066706120166511,0.08829869106285
9,COAD_cancer_AUC_15_4,0.068947741379151,0.102874536293068
10,COAD_cancer_AUC_15_5,0.06054967401302,0.093639103732217
11,COAD_cancer_AUC_15_6,0.081983423977008,0.114949232081895
12,COAD_cancer_AUC_26_1,0.066870816762242,0.099128416976899
13,COAD_cancer_AUC_26_2,0.080050640558154,0.128261776077987
14,COAD_cancer_AUC_26_3,0.074215109489155,0.103908511278836
15,COAD_cancer_AUC_26_4,0.06361264488201,0.085754045343452
16,COAD_cancer_AUC_26_5,0.064330232521174,0.097252454914026
17,COAD_cancer_AUC_26_6,0.06306820307648,0.088673986106059
18,COAD_cancer_AUC_42_1,0.063926352898273,0.096225778139328
19,COAD_cancer_AUC_42_2,0.059438870054054,0.089225497521263
20,COAD_cancer_AUC_42_3,0.055198248007157,0.081539316530999
21,COAD_cancer_AUC_42_4,0.065436764152602,0.091873669159878
22,COAD_cancer_AUC_42_5,0.063702350624116,0.098739212734101
23,COAD_cancer_AUC_42_6,0.053150794849508,0.082875443890526
24,COAD_cancer_AUC_57_1,0.058284698428184,0.086418014594857
25,COAD_cancer_AUC_57_2,0.053891563579992,0.083301422585454
26,COAD_cancer_AUC_57_3,0.060110501206607,0.085750950401479
27,COAD_cancer_AUC_57_4,0.060272177473263,0.091002338504611
28,COAD_cancer_AUC_57_5,0.059713803210637,0.090983304539427
29,COAD_cancer_AUC_57_6,0.053517621757331,0.084479059761106
30,COAD_cancer_AUC_72_1,0.056085454278967,0.084345601870604
31,COAD_cancer_AUC_72_2,0.055346626767299,0.085043352403488
32,COAD_cancer_AUC_72_3,0.06006760408816,0.087779482964139
33,COAD_cancer_AUC_72_4,0.062187714876205,0.091481909077167
34,COAD_cancer_AUC_72_5,0.05759947039333,0.087260141172118
35,COAD_cancer_AUC_72_6,0.062884390194674,0.092547389452803
36,COAD_cancer_Emax_7_1,0.219344208028957,0.28511677386657
37,COAD_cancer_Emax_7_2,0.137062272945297,0.196743884093526
38,COAD_cancer_Emax_7_3,0.156043868265907,0.202767425467804
39,COAD_cancer_Emax_7_4,0.15902784932687,0.206715437534368
40,COAD_cancer_Emax_7_5,0.207148659533827,0.273250684324812
41,COAD_cancer_Emax_7_6,0.158812944838453,0.233459546279228
42,COAD_cancer_Emax_15_1,0.192509895856797,0.259332300051468
43,COAD_cancer_Emax_15_2,0.168864753953842,0.234869454710736
44,COAD_cancer_Emax_15_3,0.170911478885695,0.211037254039282
45,COAD_cancer_Emax_15_4,0.17963289805028,0.240371170181928
46,COAD_cancer_Emax_15_5,0.175192603452566,0.241959998225556
47,COAD_cancer_Emax_15_6,0.143762633973716,0.211369452681909
48,COAD_cancer_Emax_26_1,0.186395790674185,0.248155696449252
49,COAD_cancer_Emax_26_2,0.178056535378457,0.246374395920423
50,COAD_cancer_Emax_26_3,0.193128457864876,0.247280242386541
51,COAD_cancer_Emax_26_4,0.165190376707345,0.214010904952027
52,COAD_cancer_Emax_26_5,0.174385410674142,0.22695148193002
53,COAD_cancer_Emax_26_6,0.140772866661044,0.205021380632302
54,COAD_cancer_Emax_42_1,0.162762740873193,0.219028266962171
55,COAD_cancer_Emax_42_2,0.163403678931688,0.219651361272418
56,COAD_cancer_Emax_42_3,0.149526492747667,0.204056125590365
57,COAD_cancer_Emax_42_4,0.183679143641698,0.230884368825567
58,COAD_cancer_Emax_42_5,0.177160136031838,0.235877905999319
59,COAD_cancer_Emax_42_6,0.16619409770002,0.221130305120863
60,COAD_cancer_Emax_57_1,0.157500335571626,0.212919790573086
61,COAD_cancer_Emax_57_2,0.15987078622212,0.216040955434623
62,COAD_cancer_Emax_57_3,0.156628423310614,0.212259210928181
63,COAD_cancer_Emax_57_4,0.16719302851547,0.225799132567298
64,COAD_cancer_Emax_57_5,0.174398601927089,0.226133675342098
65,COAD_cancer_Emax_57_6,0.166537837065554,0.218788140994731
66,COAD_cancer_Emax_72_1,0.164764426273993,0.216677294640125
67,COAD_cancer_Emax_72_2,0.165030053756928,0.21781208688644
68,COAD_cancer_Emax_72_3,0.160149296370605,0.215399373591046
69,COAD_cancer_Emax_72_4,0.166025181241131,0.217724108556941
70,COAD_cancer_Emax_72_5,0.165462409086323,0.217013394778972
71,COAD_cancer_Emax_72_6,0.161777212841204,0.217170446011574
72,COAD_cancer_IC50_7_1,0.09867009866407,0.288321413003193
73,COAD_cancer_IC50_7_2,0.247107593076135,0.407957309730938
74,COAD_cancer_IC50_7_3,0.09867009866407,0.288321413003193
75,COAD_cancer_IC50_7_4,0.09867009866407,0.288321413003193
76,COAD_cancer_IC50_7_5,0.09867009866407,0.288321413003193
77,COAD_cancer_IC50_7_6,0.217359097407962,0.35914117115584
78,COAD_cancer_IC50_15_1,0.09867009866407,0.288321413003193
79,COAD_cancer_IC50_15_2,0.183473501087929,0.444872055832866
80,COAD_cancer_IC50_15_3,0.09867009866407,0.288321413003193
81,COAD_cancer_IC50_15_4,0.09867009866407,0.288321413003193
82,COAD_cancer_IC50_15_5,0.09867009866407,0.288321413003193
83,COAD_cancer_IC50_15_6,0.232233345242048,0.382629592699393
84,COAD_cancer_IC50_26_1,0.098764572026039,0.288296986387794
85,COAD_cancer_IC50_26_2,0.178357884021307,0.42544802028264
86,COAD_cancer_IC50_26_3,0.09867009866407,0.288321413003193
87,COAD_cancer_IC50_26_4,0.108954194666649,0.291797547458864
88,COAD_cancer_IC50_26_5,0.098764572026039,0.288296986387794
89,COAD_cancer_IC50_26_6,0.174991938950325,0.305956491973729
90,COAD_cancer_IC50_42_1,0.105047847809101,0.290216829331478
91,COAD_cancer_IC50_42_2,0.098808254780079,0.288267163152168
92,COAD_cancer_IC50_42_3,0.14319118085673,0.284466502216947
93,COAD_cancer_IC50_42_4,0.172709725530649,0.284364399382104
94,COAD_cancer_IC50_42_5,0.098742279888893,0.288302736377929
95,COAD_cancer_IC50_42_6,0.256348589168693,0.493141515506483
96,COAD_cancer_IC50_57_1,0.098851740093733,0.288240532508042
97,COAD_cancer_IC50_57_2,0.132121521713043,0.281566634527581
98,COAD_cancer_IC50_57_3,0.132121521713043,0.281566634527581
99,COAD_cancer_IC50_57_4,0.132189739228989,0.281548631090551
100,COAD_cancer_IC50_57_5,0.120045497746969,0.286697928567856
101,COAD_cancer_IC50_57_6,0.098851740093733,0.288240532508042
102,COAD_cancer_IC50_72_1,0.14206708568504,0.279114526410642
103,COAD_cancer_IC50_72_2,0.142067145289684,0.279114528256085
104,COAD_cancer_IC50_72_3,0.125436048688198,0.281070164357946
105,COAD_cancer_IC50_72_4,0.125494431437756,0.281054716598798
106,COAD_cancer_IC50_72_5,0.115460436524655,0.286343944663814
107,COAD_cancer_IC50_72_6,0.098829310120846,0.288250544657902
108,LUAD_cancer_AUC_10_1,0.035555222082438,0.046955098066335
109,LUAD_cancer_AUC_10_2,0.027143882389126,0.035525966964239
110,LUAD_cancer_AUC_10_3,0.032134061190144,0.042407205365067
111,LUAD_cancer_AUC_10_4,0.024582140749112,0.03296677344332
112,LUAD_cancer_AUC_10_5,0.023663040505566,0.034533076732931
113,LUAD_cancer_AUC_10_6,0.027369220864795,0.039040374546301
114,LUAD_cancer_AUC_19_1,0.029832570737543,0.036104258000634
115,LUAD_cancer_AUC_19_2,0.029425691496132,0.038883980972476
116,LUAD_cancer_AUC_19_3,0.030118886682673,0.037019954339169
117,LUAD_cancer_AUC_19_4,0.025148287820164,0.031073515825618
118,LUAD_cancer_AUC_19_5,0.026385116407864,0.032814248945236
119,LUAD_cancer_AUC_19_6,0.027971879211614,0.034182311856363
120,LUAD_cancer_AUC_34_1,0.031985565090829,0.045056544936182
121,LUAD_cancer_AUC_34_2,0.026928202891946,0.033029137891847
122,LUAD_cancer_AUC_34_3,0.027960080169134,0.034234785866781
123,LUAD_cancer_AUC_34_4,0.02543719120018,0.031433415500476
124,LUAD_cancer_AUC_34_5,0.026234047901097,0.032493817378092
125,LUAD_cancer_AUC_34_6,0.026548998118666,0.03280048571435
126,LUAD_cancer_AUC_53_1,0.030952969289037,0.037661934103282
127,LUAD_cancer_AUC_53_2,0.026516282264475,0.033847462259537
128,LUAD_cancer_AUC_53_3,0.027130325259785,0.033009731639666
129,LUAD_cancer_AUC_53_4,0.028117673700935,0.03443414711104
130,LUAD_cancer_AUC_53_5,0.026622869401766,0.032733181029871
131,LUAD_cancer_AUC_53_6,0.026379373946422,0.032332073823699
132,LUAD_cancer_AUC_72_1,0.027660934661287,0.033400983912055
133,LUAD_cancer_AUC_72_2,0.027154082811784,0.032947708009565
134,LUAD_cancer_AUC_72_3,0.026322786633372,0.032309248492678
135,LUAD_cancer_AUC_72_4,0.025773010727612,0.031736148147086
136,LUAD_cancer_AUC_72_5,0.026263758541033,0.032452438458179
137,LUAD_cancer_AUC_72_6,0.029229207374233,0.03495530218322
138,LUAD_cancer_AUC_91_1,0.026542746400739,0.032738826981671
139,LUAD_cancer_AUC_91_2,0.0260697165108,0.03218550275835
140,LUAD_cancer_AUC_91_3,0.025505538679786,0.031651088822172
141,LUAD_cancer_AUC_91_4,0.025791081102407,0.032003890116074
142,LUAD_cancer_AUC_91_5,0.025956743002419,0.032110317446141
143,LUAD_cancer_AUC_91_6,0.025897869378243,0.031972356124493
144,LUAD_cancer_Emax_10_1,0.085244209095613,0.117768874485373
145,LUAD_cancer_Emax_10_2,0.082509205527826,0.109642940317444
146,LUAD_cancer_Emax_10_3,0.079680688681957,0.102198640482311
147,LUAD_cancer_Emax_10_4,0.074879643138837,0.098240369175964
148,LUAD_cancer_Emax_10_5,0.089189849221368,0.117101466562535
149,LUAD_cancer_Emax_10_6,0.095496661304249,0.125960510266308
150,LUAD_cancer_Emax_19_1,0.085057188546506,0.113241479430877
151,LUAD_cancer_Emax_19_2,0.087888784343908,0.111182229695803
152,LUAD_cancer_Emax_19_3,0.084850648902538,0.108492728720518
153,LUAD_cancer_Emax_19_4,0.079045526964396,0.107063843549864
154,LUAD_cancer_Emax_19_5,0.081676792951591,0.103117605892572
155,LUAD_cancer_Emax_19_6,0.088483382241708,0.108758969249215
156,LUAD_cancer_Emax_34_1,0.085570506931562,0.107694111984841
157,LUAD_cancer_Emax_34_2,0.087109442898139,0.108094652671247
158,LUAD_cancer_Emax_34_3,0.084112292932433,0.105719724903686
159,LUAD_cancer_Emax_34_4,0.079634252965255,0.107330468102087
160,LUAD_cancer_Emax_34_5,0.098491765140612,0.134814808855487
161,LUAD_cancer_Emax_34_6,0.07884067152449,0.102038540702989
162,LUAD_cancer_Emax_53_1,0.08449161651498,0.107811330182005
163,LUAD_cancer_Emax_53_2,0.081771063373936,0.103204908691797
164,LUAD_cancer_Emax_53_3,0.081507441900772,0.102755140598007
165,LUAD_cancer_Emax_53_4,0.080720716997222,0.104146062945164
166,LUAD_cancer_Emax_53_5,0.078023578171676,0.101477370638731
167,LUAD_cancer_Emax_53_6,0.079627196414864,0.101919622036955
168,LUAD_cancer_Emax_72_1,0.081515079873683,0.103053077076076
169,LUAD_cancer_Emax_72_2,0.083632685291977,0.10695461400724
170,LUAD_cancer_Emax_72_3,0.080333057324978,0.102218863836753
171,LUAD_cancer_Emax_72_4,0.079585330819001,0.102916508999219
172,LUAD_cancer_Emax_72_5,0.075579267224225,0.100003895630682
173,LUAD_cancer_Emax_72_6,0.077704965966437,0.101379093927744
174,LUAD_cancer_Emax_91_1,0.084533920936666,0.108201404335015
175,LUAD_cancer_Emax_91_2,0.0792564228656,0.103291644880098
176,LUAD_cancer_Emax_91_3,0.079256953649045,0.101514025062266
177,LUAD_cancer_Emax_91_4,0.078918101243497,0.101968470370605
178,LUAD_cancer_Emax_91_5,0.078809612275057,0.101914479101817
179,LUAD_cancer_Emax_91_6,0.079099814517891,0.101847310950493
180,LUAD_cancer_IC50_10_1,0,0
181,LUAD_cancer_IC50_10_2,0,0
182,LUAD_cancer_IC50_10_3,0,0
183,LUAD_cancer_IC50_10_4,0,0
184,LUAD_cancer_IC50_10_5,0,0
185,LUAD_cancer_IC50_10_6,0,0
186,LUAD_cancer_IC50_19_1,0,0
187,LUAD_cancer_IC50_19_2,0,0
188,LUAD_cancer_IC50_19_3,0,0
189,LUAD_cancer_IC50_19_4,0,0
190,LUAD_cancer_IC50_19_5,0,0
191,LUAD_cancer_IC50_19_6,0,0
192,LUAD_cancer_IC50_34_1,0,0
193,LUAD_cancer_IC50_34_2,0.011466687633878,0.073480840386715
194,LUAD_cancer_IC50_34_3,0,0
195,LUAD_cancer_IC50_34_4,0,0
196,LUAD_cancer_IC50_34_5,0,0
197,LUAD_cancer_IC50_34_6,0,0
198,LUAD_cancer_IC50_53_1,0,0
199,LUAD_cancer_IC50_53_2,0.011411570367359,0.073460076501616
200,LUAD_cancer_IC50_53_3,0.011593052319118,0.072696686385768
201,LUAD_cancer_IC50_53_4,0,0
202,LUAD_cancer_IC50_53_5,0.01190748952684,0.073696360096067
203,LUAD_cancer_IC50_53_6,0,0
204,LUAD_cancer_IC50_72_1,0,0
205,LUAD_cancer_IC50_72_2,0.011514138607752,0.07419661019867
206,LUAD_cancer_IC50_72_3,0.011424385365986,0.073545786427403
207,LUAD_cancer_IC50_72_4,0,0
208,LUAD_cancer_IC50_72_5,0.011615540300097,0.074449679036869
209,LUAD_cancer_IC50_72_6,0,0
210,LUAD_cancer_IC50_91_1,0.01160040355864,0.074342043996268
211,LUAD_cancer_IC50_91_2,0.01159584806079,0.074312010026327
212,LUAD_cancer_IC50_91_3,0.011627344858079,0.074481034125624
213,LUAD_cancer_IC50_91_4,0,0
214,LUAD_cancer_IC50_91_5,0.011608526820228,0.074427951859125
215,LUAD_cancer_IC50_91_6,0.011592720236097,0.074302174269306
216,SCLC_cancer_AUC_9_1,0.024752952428165,0.03683746013717
217,SCLC_cancer_AUC_9_2,0.024188021428019,0.034362229205554
218,SCLC_cancer_AUC_9_3,0.025054277639904,0.036980440758635
219,SCLC_cancer_AUC_9_4,0.024473259030143,0.034717401701003
220,SCLC_cancer_AUC_9_5,0.024328046362239,0.036111228809132
221,SCLC_cancer_AUC_9_6,0.023560159399987,0.035641552196021
222,SCLC_cancer_AUC_18_1,0.022015757889694,0.033256348171584
223,SCLC_cancer_AUC_18_2,0.021610580532179,0.032285183015965
224,SCLC_cancer_AUC_18_3,0.021081724980213,0.030798984941077
225,SCLC_cancer_AUC_18_4,0.023829979090842,0.034371211923311
226,SCLC_cancer_AUC_18_5,0.024403028623735,0.03458677434779
227,SCLC_cancer_AUC_18_6,0.028432091547948,0.037159375599836
228,SCLC_cancer_AUC_32_1,0.022363548628221,0.033026802572181
229,SCLC_cancer_AUC_32_2,0.022223618905019,0.030977052544161
230,SCLC_cancer_AUC_32_3,0.021028515722025,0.030862760256121
231,SCLC_cancer_AUC_32_4,0.022051060459485,0.033189037051071
232,SCLC_cancer_AUC_32_5,0.0223368728874,0.031243377804883
233,SCLC_cancer_AUC_32_6,0.02536042642815,0.03556176450209
234,SCLC_cancer_AUC_51_1,0.024668496405352,0.033933359975259
235,SCLC_cancer_AUC_51_2,0.023982507003429,0.033512779580394
236,SCLC_cancer_AUC_51_3,0.023473641362986,0.033189185942147
237,SCLC_cancer_AUC_51_4,0.022694714627137,0.033120198079729
238,SCLC_cancer_AUC_51_5,0.023842433434535,0.033412354196408
239,SCLC_cancer_AUC_51_6,0.023535825212409,0.033480944236986
240,SCLC_cancer_AUC_69_1,0.023361705750818,0.032026943483176
241,SCLC_cancer_AUC_69_2,0.023356735719325,0.032596537601521
242,SCLC_cancer_AUC_69_3,0.022475987759433,0.031365026159813
243,SCLC_cancer_AUC_69_4,0.022374982173124,0.032384757219403
244,SCLC_cancer_AUC_69_5,0.022281307513395,0.03218762154411
245,SCLC_cancer_AUC_69_6,0.022400068025064,0.031455742657005
246,SCLC_cancer_AUC_87_1,0.022550210635137,0.031825948769168
247,SCLC_cancer_AUC_87_2,0.022500390092801,0.031806046114626
248,SCLC_cancer_AUC_87_3,0.022280213515233,0.031596163514755
249,SCLC_cancer_AUC_87_4,0.02230699063647,0.031962547739579
250,SCLC_cancer_AUC_87_5,0.022422138061277,0.031857021544974
251,SCLC_cancer_AUC_87_6,0.022249879221391,0.031632633583446
252,SCLC_cancer_Emax_9_1,0.067992853452819,0.087052251624706
253,SCLC_cancer_Emax_9_2,0.074458887613173,0.091971523575231
254,SCLC_cancer_Emax_9_3,0.06602716534262,0.086501482752461
255,SCLC_cancer_Emax_9_4,0.073661188058637,0.094245565725229
256,SCLC_cancer_Emax_9_5,0.102890950877865,0.137016354769471
257,SCLC_cancer_Emax_9_6,0.062269010523284,0.090015730123669
258,SCLC_cancer_Emax_18_1,0.062369909018338,0.083335226363699
259,SCLC_cancer_Emax_18_2,0.065467651122217,0.086351206326432
260,SCLC_cancer_Emax_18_3,0.069280298618704,0.090320967996999
261,SCLC_cancer_Emax_18_4,0.065284100659627,0.087541764123356
262,SCLC_cancer_Emax_18_5,0.102153957279669,0.124962629709526
263,SCLC_cancer_Emax_18_6,0.072983903084698,0.090084220057039
264,SCLC_cancer_Emax_32_1,0.071596144342615,0.089526007977388
265,SCLC_cancer_Emax_32_2,0.062580701102069,0.083306835176781
266,SCLC_cancer_Emax_32_3,0.066274435667957,0.091423373646048
267,SCLC_cancer_Emax_32_4,0.069043324281028,0.090477868356242
268,SCLC_cancer_Emax_32_5,0.085161914920117,0.100516414412793
269,SCLC_cancer_Emax_32_6,0.065839228917411,0.083753707302633
270,SCLC_cancer_Emax_51_1,0.067360057303888,0.08368577828645
271,SCLC_cancer_Emax_51_2,0.067697034191523,0.08548659586413
272,SCLC_cancer_Emax_51_3,0.071986381137286,0.090315832577176
273,SCLC_cancer_Emax_51_4,0.078437640119635,0.101789185791417
274,SCLC_cancer_Emax_51_5,0.072076537645216,0.08788108081563
275,SCLC_cancer_Emax_51_6,0.058384389115165,0.078964627493263
276,SCLC_cancer_Emax_69_1,0.069866153013144,0.08586635563313
277,SCLC_cancer_Emax_69_2,0.066670172821914,0.083501154114178
278,SCLC_cancer_Emax_69_3,0.070284777329463,0.088969086001281
279,SCLC_cancer_Emax_69_4,0.079480404414484,0.099291180985119
280,SCLC_cancer_Emax_69_5,0.06840599567834,0.084643088733016
281,SCLC_cancer_Emax_69_6,0.066859770848453,0.086043984112398
282,SCLC_cancer_Emax_87_1,0.069790668883061,0.088302907525099
283,SCLC_cancer_Emax_87_2,0.068002105664645,0.084457275048479
284,SCLC_cancer_Emax_87_3,0.066898168016723,0.083975533492008
285,SCLC_cancer_Emax_87_4,0.068353025712705,0.086943161893516
286,SCLC_cancer_Emax_87_5,0.067825137984191,0.084566948017358
287,SCLC_cancer_Emax_87_6,0.068009516672246,0.086956250319532
288,SCLC_cancer_IC50_9_1,0,0
289,SCLC_cancer_IC50_9_2,0,0
290,SCLC_cancer_IC50_9_3,0,0
291,SCLC_cancer_IC50_9_4,0,0
292,SCLC_cancer_IC50_9_5,0,0
293,SCLC_cancer_IC50_9_6,0,0
294,SCLC_cancer_IC50_18_1,0,0
295,SCLC_cancer_IC50_18_2,0,0
296,SCLC_cancer_IC50_18_3,0,0
297,SCLC_cancer_IC50_18_4,0,0
298,SCLC_cancer_IC50_18_5,0,0
299,SCLC_cancer_IC50_18_6,0,0
300,SCLC_cancer_IC50_32_1,0,0
301,SCLC_cancer_IC50_32_2,0,0
302,SCLC_cancer_IC50_32_3,0,0
303,SCLC_cancer_IC50_32_4,0,0
304,SCLC_cancer_IC50_32_5,0,0
305,SCLC_cancer_IC50_32_6,0,0
306,SCLC_cancer_IC50_51_1,0,0
307,SCLC_cancer_IC50_51_2,0,0
308,SCLC_cancer_IC50_51_3,0,0
309,SCLC_cancer_IC50_51_4,0,0
310,SCLC_cancer_IC50_51_5,0,0
311,SCLC_cancer_IC50_51_6,0,0
312,SCLC_cancer_IC50_69_1,0,0
313,SCLC_cancer_IC50_69_2,0,0
314,SCLC_cancer_IC50_69_3,0,0
315,SCLC_cancer_IC50_69_4,0,0
316,SCLC_cancer_IC50_69_5,0,0
317,SCLC_cancer_IC50_69_6,0,0
318,SCLC_cancer_IC50_87_1,0,0
319,SCLC_cancer_IC50_87_2,0,0
320,SCLC_cancer_IC50_87_3,0,0
321,SCLC_cancer_IC50_87_4,0,0
322,SCLC_cancer_IC50_87_5,0,0
323,SCLC_cancer_IC50_87_6,0,0
324,breast_cancer_AUC_8_1,0.127812915836878,0.175001857853351
325,breast_cancer_AUC_8_2,0.037669440626484,0.067296445210679
326,breast_cancer_AUC_8_3,0.121112015834184,0.173549944944018
327,breast_cancer_AUC_8_4,0.039419487187833,0.071168438511662
328,breast_cancer_AUC_8_5,0.067035662930061,0.097370600820094
329,breast_cancer_AUC_8_6,0.037622119836413,0.075340490526793
330,breast_cancer_AUC_16_1,0.09316061264963,0.196956710692759
331,breast_cancer_AUC_16_2,0.04053647215545,0.070409066876295
332,breast_cancer_AUC_16_3,0.087550336177744,0.19265361526651
333,breast_cancer_AUC_16_4,0.045395911120636,0.076583480100916
334,breast_cancer_AUC_16_5,0.043263298807,0.078306465084898
335,breast_cancer_AUC_16_6,0.032930910267314,0.069637738852786
336,breast_cancer_AUC_27_1,0.06775485848647,0.156575492756396
337,breast_cancer_AUC_27_2,0.032919304224859,0.068403998912066
338,breast_cancer_AUC_27_3,0.055778417180566,0.086560969467423
339,breast_cancer_AUC_27_4,0.036660324226717,0.073339085416557
340,breast_cancer_AUC_27_5,0.06179430206252,0.151503990629819
341,breast_cancer_AUC_27_6,0.03445972207436,0.069671211463833
342,breast_cancer_AUC_42_1,0.048893811153148,0.079768004361387
343,breast_cancer_AUC_42_2,0.031356976809887,0.068405526329572
344,breast_cancer_AUC_42_3,0.047191259913323,0.076960861526244
345,breast_cancer_AUC_42_4,0.035923602612739,0.073104314056689
346,breast_cancer_AUC_42_5,0.049089750627347,0.07850724109956
347,breast_cancer_AUC_42_6,0.059154914586494,0.146766222721226
348,breast_cancer_AUC_58_1,0.04158659756788,0.072604985505443
349,breast_cancer_AUC_58_2,0.033578273503727,0.06938739584032
350,breast_cancer_AUC_58_3,0.040947037668085,0.073245569312099
351,breast_cancer_AUC_58_4,0.041541779538645,0.073752658520968
352,breast_cancer_AUC_58_5,0.042796450666949,0.073000147404687
353,breast_cancer_AUC_58_6,0.045215724867689,0.075479218229748
354,breast_cancer_AUC_74_1,0.038537225958188,0.071394365965873
355,breast_cancer_AUC_74_2,0.04229178501136,0.074858419421733
356,breast_cancer_AUC_74_3,0.039324195114164,0.072156985031148
357,breast_cancer_AUC_74_4,0.045922919849519,0.077979532938201
358,breast_cancer_AUC_74_5,0.039008836116974,0.071975757118821
359,breast_cancer_AUC_74_6,0.039978345042551,0.073184900581153
360,breast_cancer_Emax_8_1,0.188694960608814,0.236947603838466
361,breast_cancer_Emax_8_2,0.118440821033082,0.171946763593227
362,breast_cancer_Emax_8_3,0.165796108702795,0.231584762392723
363,breast_cancer_Emax_8_4,0.090243922743754,0.161742956618381
364,breast_cancer_Emax_8_5,0.205647427490388,0.289141670747723
365,breast_cancer_Emax_8_6,0.103117347812121,0.187850113375868
366,breast_cancer_Emax_16_1,0.160145742370419,0.248977815125161
367,breast_cancer_Emax_16_2,0.108904311078677,0.166365826664276
368,breast_cancer_Emax_16_3,0.133336195555724,0.242271035678234
369,breast_cancer_Emax_16_4,0.098075105535551,0.165419556975749
370,breast_cancer_Emax_16_5,0.124648709935192,0.225205310586009
371,breast_cancer_Emax_16_6,0.095559184448575,0.166460573475998
372,breast_cancer_Emax_27_1,0.126876112462616,0.216346020525785
373,breast_cancer_Emax_27_2,0.093183126422202,0.161742374293146
374,breast_cancer_Emax_27_3,0.112091610176107,0.181557194451419
375,breast_cancer_Emax_27_4,0.092797890629045,0.156962949494747
376,breast_cancer_Emax_27_5,0.138505172667325,0.248640495241749
377,breast_cancer_Emax_27_6,0.091404072671548,0.166211799529274
378,breast_cancer_Emax_42_1,0.110997543845466,0.186395956080516
379,breast_cancer_Emax_42_2,0.090592002735316,0.162892509139297
380,breast_cancer_Emax_42_3,0.106136204894465,0.180291546163775
381,breast_cancer_Emax_42_4,0.10100400879205,0.181694894841669
382,breast_cancer_Emax_42_5,0.113355054353819,0.189485642798694
383,breast_cancer_Emax_42_6,0.114217741428322,0.218287037947327
384,breast_cancer_Emax_58_1,0.095168601489934,0.172922124102916
385,breast_cancer_Emax_58_2,0.09129490379702,0.163610611271054
386,breast_cancer_Emax_58_3,0.09503363765218,0.164728567595418
387,breast_cancer_Emax_58_4,0.097084383076268,0.170091535343338
388,breast_cancer_Emax_58_5,0.10874615629991,0.183667961972678
389,breast_cancer_Emax_58_6,0.093474222563903,0.173547335753869
390,breast_cancer_Emax_74_1,0.094194000524608,0.175778238204245
391,breast_cancer_Emax_74_2,0.094737657242038,0.165083370295712
392,breast_cancer_Emax_74_3,0.094974053735589,0.170446392828486
393,breast_cancer_Emax_74_4,0.104962449837165,0.176966381731678
394,breast_cancer_Emax_74_5,0.094453196784149,0.164800420966201
395,breast_cancer_Emax_74_6,0.095714793672635,0.17078335472424
396,breast_cancer_IC50_8_1,0.178698199510374,0.306450750606169
397,breast_cancer_IC50_8_2,0.027904527902402,0.160299308657419
398,breast_cancer_IC50_8_3,0.178698199510374,0.306450750606169
399,breast_cancer_IC50_8_4,0.027904527902402,0.160299308657419
400,breast_cancer_IC50_8_5,0.147602142052016,0.27014196361415
401,breast_cancer_IC50_8_6,0.027904527902402,0.160299308657419
402,breast_cancer_IC50_16_1,0.158049785071953,0.380208686360018
403,breast_cancer_IC50_16_2,0.027904527902402,0.160299308657419
404,breast_cancer_IC50_16_3,0.109343094601575,0.364096422692163
405,breast_cancer_IC50_16_4,0.027904527902402,0.160299308657419
406,breast_cancer_IC50_16_5,0.06674989360009,0.212434500017507
407,breast_cancer_IC50_16_6,0.027904527902402,0.160299308657419
408,breast_cancer_IC50_27_1,0.093013952421219,0.314424421853767
409,breast_cancer_IC50_27_2,0.027904527902402,0.160299308657419
410,breast_cancer_IC50_27_3,0.07816908510506,0.182415584554566
411,breast_cancer_IC50_27_4,0.027904527902402,0.160299308657419
412,breast_cancer_IC50_27_5,0.093013945196413,0.316326923722482
413,breast_cancer_IC50_27_6,0.027904527902402,0.160299308657419
414,breast_cancer_IC50_42_1,0.084130765156112,0.218117154863938
415,breast_cancer_IC50_42_2,0.027904527902402,0.160299308657419
416,breast_cancer_IC50_42_3,0.084130770574716,0.218117174403662
417,breast_cancer_IC50_42_4,0.027904527902402,0.160299308657419
418,breast_cancer_IC50_42_5,0.084130747094098,0.218117206926847
419,breast_cancer_IC50_42_6,0.067960969671858,0.280041073960249
420,breast_cancer_IC50_58_1,0.064605661659329,0.166988440753149
421,breast_cancer_IC50_58_2,0.041986612904955,0.162327678618003
422,breast_cancer_IC50_58_3,0.064605661659329,0.166988440753149
423,breast_cancer_IC50_58_4,0.050523576656777,0.165017370163582
424,breast_cancer_IC50_58_5,0.074410076639668,0.214364321923304
425,breast_cancer_IC50_58_6,0.064605661659329,0.166988440753149
426,breast_cancer_IC50_74_1,0.056881387370805,0.164526392578843
427,breast_cancer_IC50_74_2,0.056881387370805,0.164526392578843
428,breast_cancer_IC50_74_3,0.056881387370805,0.164526392578843
429,breast_cancer_IC50_74_4,0.069859948367583,0.213006496209071
430,breast_cancer_IC50_74_5,0.056881387370805,0.164526392578843
431,breast_cancer_IC50_74_6,0.069556159748975,0.211622768671303
432,melanoma_cancer_AUC_10_1,0.229696906965571,0.278281487761331
433,melanoma_cancer_AUC_10_2,0.164923213900444,0.215482818681517
434,melanoma_cancer_AUC_10_3,0.156340897453395,0.198349221907873
435,melanoma_cancer_AUC_10_4,0.148995530389767,0.185347361509369
436,melanoma_cancer_AUC_10_5,0.140240950315606,0.168760882954866
437,melanoma_cancer_AUC_10_6,0.184700569614341,0.217836567587189
438,melanoma_cancer_AUC_20_1,0.141546497912273,0.173184758107052
439,melanoma_cancer_AUC_20_2,0.131797766454926,0.152976264846703
440,melanoma_cancer_AUC_20_3,0.132565841623242,0.153265074248644
441,melanoma_cancer_AUC_20_4,0.146660321900164,0.167385390830995
442,melanoma_cancer_AUC_20_5,0.142673394656195,0.178073480722323
443,melanoma_cancer_AUC_20_6,0.139413946996163,0.164133072877229
444,melanoma_cancer_AUC_35_1,0.156449544825556,0.189542278323878
445,melanoma_cancer_AUC_35_2,0.13386734339432,0.156859247979204
446,melanoma_cancer_AUC_35_3,0.137150491590835,0.15884532266865
447,melanoma_cancer_AUC_35_4,0.135134736761406,0.157926507818276
448,melanoma_cancer_AUC_35_5,0.136740911282096,0.162196721748544
449,melanoma_cancer_AUC_35_6,0.143935269750753,0.169072113185641
450,melanoma_cancer_AUC_54_1,0.171220195800902,0.203761396147143
451,melanoma_cancer_AUC_54_2,0.133140100652321,0.155188415953168
452,melanoma_cancer_AUC_54_3,0.136060227673649,0.156069737974745
453,melanoma_cancer_AUC_54_4,0.137181878152058,0.158641159460082
454,melanoma_cancer_AUC_54_5,0.132809924688612,0.156265999323277
455,melanoma_cancer_AUC_54_6,0.132262720281227,0.154478456994127
456,melanoma_cancer_AUC_74_1,0.135728560276972,0.157413727325418
457,melanoma_cancer_AUC_74_2,0.133127664574519,0.15565246392647
458,melanoma_cancer_AUC_74_3,0.139786313624811,0.158669902006526
459,melanoma_cancer_AUC_74_4,0.13231786566688,0.153563785186082
460,melanoma_cancer_AUC_74_5,0.13680327753729,0.160787086515498
461,melanoma_cancer_AUC_74_6,0.133244784428555,0.154229870963452
462,melanoma_cancer_AUC_93_1,0.133477619577211,0.154922031050207
463,melanoma_cancer_AUC_93_2,0.13475570672743,0.154936740338254
464,melanoma_cancer_AUC_93_3,0.135046880961776,0.154694756858034
465,melanoma_cancer_AUC_93_4,0.13472687055475,0.154522064737986
466,melanoma_cancer_AUC_93_5,0.133990046252963,0.154238948381863
467,melanoma_cancer_AUC_93_6,0.134923931827304,0.154663359932032
468,melanoma_cancer_Emax_10_1,0.264180834983954,0.32330734727613
469,melanoma_cancer_Emax_10_2,0.228607091928338,0.274026044878879
470,melanoma_cancer_Emax_10_3,0.231161197821258,0.296030557379559
471,melanoma_cancer_Emax_10_4,0.233563664206027,0.272651154187279
472,melanoma_cancer_Emax_10_5,0.232242680204384,0.272463355815265
473,melanoma_cancer_Emax_10_6,0.334995252054422,0.399230773778844
474,melanoma_cancer_Emax_20_1,0.220505853260065,0.270133208096719
475,melanoma_cancer_Emax_20_2,0.212935286299042,0.244780705190078
476,melanoma_cancer_Emax_20_3,0.21363953874169,0.24316582451945
477,melanoma_cancer_Emax_20_4,0.226908860783528,0.261298164017649
478,melanoma_cancer_Emax_20_5,0.233622887030788,0.289951003434568
479,melanoma_cancer_Emax_20_6,0.23891692970281,0.26442264464115
480,melanoma_cancer_Emax_35_1,0.259832437350551,0.307409168037995
481,melanoma_cancer_Emax_35_2,0.25327711367233,0.297056559586945
482,melanoma_cancer_Emax_35_3,0.224031101918799,0.248211201338194
483,melanoma_cancer_Emax_35_4,0.22919552754205,0.269630980130503
484,melanoma_cancer_Emax_35_5,0.235354552565665,0.28545985462283
485,melanoma_cancer_Emax_35_6,0.248446635436597,0.304036546549932
486,melanoma_cancer_Emax_54_1,0.266300437157641,0.319378028343408
487,melanoma_cancer_Emax_54_2,0.211992605574211,0.243659409887497
488,melanoma_cancer_Emax_54_3,0.222519454010364,0.2582333144197
489,melanoma_cancer_Emax_54_4,0.21801484697947,0.24863655455609
490,melanoma_cancer_Emax_54_5,0.220329829005592,0.249449799640007
491,melanoma_cancer_Emax_54_6,0.216122324655506,0.245642263909249
492,melanoma_cancer_Emax_74_1,0.226514209740323,0.271476328927137
493,melanoma_cancer_Emax_74_2,0.217254100422811,0.245753241133881
494,melanoma_cancer_Emax_74_3,0.227271824832971,0.258884680677394
495,melanoma_cancer_Emax_74_4,0.215371432271399,0.243911530926645
496,melanoma_cancer_Emax_74_5,0.219937169745481,0.249036738243988
497,melanoma_cancer_Emax_74_6,0.213859190594695,0.255513178132036
498,melanoma_cancer_Emax_93_1,0.220972807873411,0.24675880042943
499,melanoma_cancer_Emax_93_2,0.221688634706382,0.247589949532665
500,melanoma_cancer_Emax_93_3,0.221513635469321,0.246786298213573
501,melanoma_cancer_Emax_93_4,0.223013984181444,0.248609903920249
502,melanoma_cancer_Emax_93_5,0.220487634381867,0.247001501158313
503,melanoma_cancer_Emax_93_6,0.219202658043635,0.246130778636299
504,melanoma_cancer_IC50_10_1,0.56952625103586,0.763730100697321
505,melanoma_cancer_IC50_10_2,0.605930132884383,0.748624575622791
506,melanoma_cancer_IC50_10_3,0.444624693031605,0.638586566371718
507,melanoma_cancer_IC50_10_4,0.57306415851614,0.738772834435443
508,melanoma_cancer_IC50_10_5,0.415506870384511,0.515031253693048
509,melanoma_cancer_IC50_10_6,0.496352361938309,0.63074531838257
510,melanoma_cancer_IC50_20_1,0.43092977321255,0.537463065558684
511,melanoma_cancer_IC50_20_2,0.499942581180937,0.565326513790948
512,melanoma_cancer_IC50_20_3,0.460276376506301,0.49468190338783
513,melanoma_cancer_IC50_20_4,0.510080088153512,0.573341102958902
514,melanoma_cancer_IC50_20_5,0.363780451512298,0.532139204334023
515,melanoma_cancer_IC50_20_6,0.467189084788772,0.498114626773434
516,melanoma_cancer_IC50_35_1,0.453191416345048,0.500922078075436
517,melanoma_cancer_IC50_35_2,0.490554912282661,0.530269495172614
518,melanoma_cancer_IC50_35_3,0.467662833594683,0.505221057987069
519,melanoma_cancer_IC50_35_4,0.474929895648807,0.515422270440525
520,melanoma_cancer_IC50_35_5,0.445229929683891,0.491727102347416
521,melanoma_cancer_IC50_35_6,0.452773320257348,0.47865401725378
522,melanoma_cancer_IC50_54_1,0.449654019293081,0.493096907424669
523,melanoma_cancer_IC50_54_2,0.449508672673719,0.491699660118847
524,melanoma_cancer_IC50_54_3,0.505066910592307,0.538317828376027
525,melanoma_cancer_IC50_54_4,0.454665710896631,0.494128289679104
526,melanoma_cancer_IC50_54_5,0.445382911242402,0.484506772685724
527,melanoma_cancer_IC50_54_6,0.47226591179367,0.502215635199099
528,melanoma_cancer_IC50_74_1,0.466672473312495,0.498996753475563
529,melanoma_cancer_IC50_74_2,0.458631049891921,0.495808815423399
530,melanoma_cancer_IC50_74_3,0.480248725828421,0.515519715706001
531,melanoma_cancer_IC50_74_4,0.45497893469108,0.488910215208468
532,melanoma_cancer_IC50_74_5,0.45284656604885,0.487688939745743
533,melanoma_cancer_IC50_74_6,0.460279201489233,0.497062584485128
534,melanoma_cancer_IC50_93_1,0.465586845401792,0.497631047861838
535,melanoma_cancer_IC50_93_2,0.466666618195761,0.503480985689646
536,melanoma_cancer_IC50_93_3,0.466264686056032,0.517323472332402
537,melanoma_cancer_IC50_93_4,0.465627820129689,0.501145803500623
538,melanoma_cancer_IC50_93_5,0.463649533652666,0.495878938920002
539,melanoma_cancer_IC50_93_6,0.464488877943466,0.496941973518933
